省份,剧种,BV号,标题,简介,播放量,点赞数,投币数,收藏数,弹幕总数,抓取时间
四川,川剧,BV11f421v74w,青春实验川剧《离恨天·审》初版，《审渣男》这次不是片花了！！,自《离恨天·审》问世已经一年啦，这个戏承载了我们太多的成长与收获，我们参加了“2023中国小剧场戏曲展演”、“第十届当代小剧场戏曲艺术节”，小可也因此戏忝获“第三十二届上海白玉兰戏剧表演艺术奖‘新人配角提名奖’”，回顾此戏立项、首演、申报展演等等环节都遇到过挫折，但如今看来淌过沼泽后总是阳光绿洲。因为院团事务繁重等因素，也许这个戏再呈现在舞台上的机会不多了，所以将我们第一版的录像发布出来，供大家茶余谈笑。  主创： 总导演：蔡少波 编剧、导演、主演：王裕仁 副导演、主演：邓方圆 主演：李玲琳 主演：王耀超 作曲：董斌杰 形象、服装设计：陈兰馨 灯光设计：仰大章 司鼓：周元新 领腔：张蓉  剧情简介： 	某年某时，离恨天内孽债司中的警幻仙姑要审视、发判三个魂魄。分别为“王魁”、“申桂升”、“姚安”。三人生前皆负心薄幸，荼毒世间女儿。警幻审其罪行，王魁自觉奈世情所迫、昧心无奈。申桂升自觉博爱众女，不曾负心。姚安视女子为玩物。警幻揭露他三人生前情事（即“焚香记·入赘、情探；玉蜻蜓·上游庵、佛堂托孤；双魂报·杀妻洞房”三出传统戏片段），三男亦是互看前因后，似有转念，却在岔路选择处仍然选择了执迷不悟、怙恶不改。 	警幻叹道，这天下多少葆童心、禀真情的女儿深情与性命断送在这等人面兽心之徒。何日天女儿才能挣脱桎梏、冲破藩篱？何日天下女儿才能真心换得真心？警幻遂将三人同罪并罚，魂飞魄散。 	古有负心薄幸，今之渣男海王。岂不为“戏上有而世上有”？情之何起？情之何由？情之何辜？正待同君共为一审。,59060,2508,1802,3107,1920,2026-04-04 18:55:52
四川,川剧,BV11f421v74w,青春实验川剧《离恨天·审》初版，《审渣男》这次不是片花了！！,自《离恨天·审》问世已经一年啦，这个戏承载了我们太多的成长与收获，我们参加了“2023中国小剧场戏曲展演”、“第十届当代小剧场戏曲艺术节”，小可也因此戏忝获“第三十二届上海白玉兰戏剧表演艺术奖‘新人配角提名奖’”，回顾此戏立项、首演、申报展演等等环节都遇到过挫折，但如今看来淌过沼泽后总是阳光绿洲。因为院团事务繁重等因素，也许这个戏再呈现在舞台上的机会不多了，所以将我们第一版的录像发布出来，供大家茶余谈笑。  主创： 总导演：蔡少波 编剧、导演、主演：王裕仁 副导演、主演：邓方圆 主演：李玲琳 主演：王耀超 作曲：董斌杰 形象、服装设计：陈兰馨 灯光设计：仰大章 司鼓：周元新 领腔：张蓉  剧情简介： 	某年某时，离恨天内孽债司中的警幻仙姑要审视、发判三个魂魄。分别为“王魁”、“申桂升”、“姚安”。三人生前皆负心薄幸，荼毒世间女儿。警幻审其罪行，王魁自觉奈世情所迫、昧心无奈。申桂升自觉博爱众女，不曾负心。姚安视女子为玩物。警幻揭露他三人生前情事（即“焚香记·入赘、情探；玉蜻蜓·上游庵、佛堂托孤；双魂报·杀妻洞房”三出传统戏片段），三男亦是互看前因后，似有转念，却在岔路选择处仍然选择了执迷不悟、怙恶不改。 	警幻叹道，这天下多少葆童心、禀真情的女儿深情与性命断送在这等人面兽心之徒。何日天女儿才能挣脱桎梏、冲破藩篱？何日天下女儿才能真心换得真心？警幻遂将三人同罪并罚，魂飞魄散。 	古有负心薄幸，今之渣男海王。岂不为“戏上有而世上有”？情之何起？情之何由？情之何辜？正待同君共为一审。,59060,2508,1802,3107,1920,2026-04-04 18:56:39
四川,川剧,BV1fiDAYkEd6,【川剧】川青赛《姚安杀妻》邓方园,-,40617,1441,269,1641,238,2026-04-04 18:56:50
四川,川剧,BV11f421v74w,青春实验川剧《离恨天·审》初版，《审渣男》这次不是片花了！！,自《离恨天·审》问世已经一年啦，这个戏承载了我们太多的成长与收获，我们参加了“2023中国小剧场戏曲展演”、“第十届当代小剧场戏曲艺术节”，小可也因此戏忝获“第三十二届上海白玉兰戏剧表演艺术奖‘新人配角提名奖’”，回顾此戏立项、首演、申报展演等等环节都遇到过挫折，但如今看来淌过沼泽后总是阳光绿洲。因为院团事务繁重等因素，也许这个戏再呈现在舞台上的机会不多了，所以将我们第一版的录像发布出来，供大家茶余谈笑。  主创： 总导演：蔡少波 编剧、导演、主演：王裕仁 副导演、主演：邓方圆 主演：李玲琳 主演：王耀超 作曲：董斌杰 形象、服装设计：陈兰馨 灯光设计：仰大章 司鼓：周元新 领腔：张蓉  剧情简介： 	某年某时，离恨天内孽债司中的警幻仙姑要审视、发判三个魂魄。分别为“王魁”、“申桂升”、“姚安”。三人生前皆负心薄幸，荼毒世间女儿。警幻审其罪行，王魁自觉奈世情所迫、昧心无奈。申桂升自觉博爱众女，不曾负心。姚安视女子为玩物。警幻揭露他三人生前情事（即“焚香记·入赘、情探；玉蜻蜓·上游庵、佛堂托孤；双魂报·杀妻洞房”三出传统戏片段），三男亦是互看前因后，似有转念，却在岔路选择处仍然选择了执迷不悟、怙恶不改。 	警幻叹道，这天下多少葆童心、禀真情的女儿深情与性命断送在这等人面兽心之徒。何日天女儿才能挣脱桎梏、冲破藩篱？何日天下女儿才能真心换得真心？警幻遂将三人同罪并罚，魂飞魄散。 	古有负心薄幸，今之渣男海王。岂不为“戏上有而世上有”？情之何起？情之何由？情之何辜？正待同君共为一审。,59060,2508,1802,3107,1920,2026-04-04 18:57:17
四川,川剧,BV1fiDAYkEd6,【川剧】川青赛《姚安杀妻》邓方园,-,40617,1441,269,1641,238,2026-04-04 18:57:36
四川,川剧,BV1Ps411i7yr,【川剧】白蛇传（四川省川剧院）,网盘 有同学点了川剧，但我手头的川剧资源非常少……白蛇传是少数我看过的川剧之一，不过也没看全，最大的印象就是川剧的打戏很精彩，以及川剧的小青是男变女……唔其他看点还是同学们自己体验吧。,218291,5668,1625,7985,7383,2026-04-04 18:57:47
四川,川剧,BV16w411X7iw,【川剧】戏曲届的一股泥石流,-,153707,5111,378,1461,204,2026-04-04 18:58:06
四川,川剧,BV1wf4y1F7Tq,大四川出战 【真·川剧】版《神女劈观》,多剧种翻唱神女，却无我大川剧，因此特请王裕仁小哥哥翻唱 小哥哥B站号 @半孺斋主    PS：本来准备投合作的，投的时候发现我的号没有那个功能，各位可以多去关注小哥哥哦。,149532,21793,11659,4445,324,2026-04-04 18:58:24
浙江,越剧,BV1enyUBuE6X,4K高清｜陈丽君&李云霄｜越剧《我的大观园》,,435060,10914,2580,27020,1112,2026-04-04 18:58:42
浙江,越剧,BV1Kq4y1L7eq,高清越剧《梁山伯与祝英台》1985年电视剧 傅全香 范瑞娟 张桂凤 金艳芳,不加念白字幕了，大家应该都能听懂吧,173239,1027,145,2498,327,2026-04-04 18:58:56
浙江,越剧,BV14U411U7gw,4K收藏｜陈丽君&李云霄｜《五女拜寿》（官摄完整版）,,370112,7631,2977,17506,3183,2026-04-04 18:59:10
浙江,越剧,BV1Mu411U7D6,【全字幕】高清越剧《珍珠塔》张宇峰 盛舒扬 陶钻怡 蔡燕 李旭丹等,"·给念白加了字幕，字体字号按原字幕设置的 ·修改了原字幕的错别字 ·裁剪并调亮了原视频",236133,1308,665,3067,1268,2026-04-04 18:59:26
浙江,越剧,BV1gQ4y1K7RE,【高清越剧】《西厢记》方亚芬 钱惠丽 张咏梅 吴群（河猫小剧场）,1.5g的视频加了个水印用pr一导出就11.4g了，太强了 横纹的反交错我尝试了，格式工厂,168456,3648,1105,8016,3311,2026-04-04 18:59:41
河南,豫剧,BV1j44y1W757,豫剧合集,妈妈喜欢听戏剧，发给妈妈看的,1066464,8129,1675,19071,1249,2026-04-04 19:00:00
河南,豫剧,BV1Vs41117yJ,【豫剧】穆桂英挂帅,河南豫剧院青年团演出。,308985,2427,673,3813,1902,2026-04-04 19:00:15
河南,豫剧,BV13L411t7MQ,【豫剧】《秦香莲》（《铡美案》《包青天》）全本-张钰东  董芙蓉  完整全字幕版,豫剧张钰东版《包青天》完整版，原版视频念白部分没有字幕，缺少的字幕已经补上，打开进度条右边的“字幕”选项即可。 如有需要，视频尽可下载，不用来问，直接下载就行❤️,212817,3635,1223,3730,2429,2026-04-04 19:00:30
河南,豫剧,BV1VjKUztEL5,河南豫剧《对花枪》柏青,,8197,46,8,139,0,2026-04-04 19:00:46
河南,豫剧,BV1uPhizLEZy,豫剧《打金枝》— 全网最清晰完整高清修复｜刘忠河，黄爱菊，张卫华，90年代经典版,【版本特点｜全网最清晰 1080P】 以90年代VCD为底本，累计两百多个小时逐帧清噪、校色、细节回填与对照复检；在“更清晰”和“老味道”之间尽量平衡。音频做轻度降噪，并额外提供去人声伴奏轨；对白加入字幕，方便年轻观众理解。  【观看提示】 ① 本视频为完整高清修复（1080P）；   ② 伴奏版入口：见本视频结尾 / 置顶评论；   ③ 后续将上线“名段切片”合集，欢迎评论区点名你最想看的段落。  【致敬与声明】 向刘忠河老师与商丘市豫剧团致敬。修复仅用于传承与交流，若有疏漏欢迎指正。 如果你也珍惜这段经典，拜托一键三连（点赞/投币/收藏）,126533,3938,1048,2855,218,2026-04-04 19:00:53
陕西,秦腔,BV1m4411X7DK,秦腔全本合集，爷的欢乐生活必备,https://v.youku.com/v_show/id_XMTMwOTE3NDYyMA==.html?spm=a2h0z.8244218.2371631.3&f=22131312 村里老人爱听戏，给老人下载后觉得删了可惜，传上来有需要的小伙伴可以拿去孝敬老人。 破站上传太慢，先传这些，后续抽空补全。,632083,10011,3590,20237,2985,2026-04-04 19:01:11
陕西,秦腔,BV1Xg411Q7Zw,【超清音画质】本站秦腔名场面《五典坡·赶坡》窦凤琴 丁良生主演,www.cdzfsqbsqj.com ...,173815,2954,812,3491,1324,2026-04-04 19:01:26
陕西,秦腔,BV1rb4y127f7,【秦腔高清】康亚婵版《黑叮本》 真的高清,喜欢就好,247921,6486,2330,9246,5704,2026-04-04 19:01:44
陕西,秦腔,BV1TB4y1W7Dr,秦腔《三滴血》西安易俗社,《三滴血》取材于《阅微草堂笔记》，讲述了一场关于“滴血认亲”的故事,36183,402,100,763,249,2026-04-04 19:02:03
陕西,秦腔,BV1as411t7Mj,【剧情/历史】白鹿原【秦腔 华阴老腔--将军】【有字幕 陈忠实】,剪自白鹿原 华阴老腔系明末清初华阴县泉店村张家户族的家族戏。其声腔刚直高亢、磅礴豪迈。 秦腔又称乱弹，乱弹源于西秦腔，是一种非常古老的汉族戏曲剧种。主要流行于中国西北地区的陕西、甘肃、青海、宁夏、新疆等地，又因其以枣木梆子为击节乐器，所以又叫“梆子腔”，俗称“桄桄子”。今陕西宝鸡和甘肃天水为古西秦之地，经史料考证，西秦腔源于甘肃天水，后经来往商客带入长安，使其得以壮大，发展 。清康熙时，秦腔此时已发展为成熟期。待到乾隆年间，魏长生进京演出秦腔，轰动京师。对各地梆子声腔的形成有着直接影响。,121806,1879,669,2645,382,2026-04-04 19:02:14
云南,滇剧,BV1ss411e79x,滇剧合辑【缓慢更新】,看一部传一部。,21255,238,144,476,36,2026-04-04 19:02:28
云南,滇剧,BV17q4y1F7jK,【滇剧版】《神女劈观》陈亚萍（国家队再添一员！）,-,229060,39202,23264,9211,554,2026-04-04 19:02:42
云南,滇剧,BV17F411g7Vj,几尺宽的戏台，这位云南滇剧传承人登了60年。,“说好的唱一辈子戏，差一年，一个月，一天，一个时辰都不算一辈子。”戏一折，水袖起落，这位来自云南安宁的滇剧传承人，在戏台上坚守了60年，只愿后继有人再唱一腔。本期视频联合@云南共青团  弘扬戏曲精神，感谢时代青年为传统戏曲注入活力。,37341,7070,2153,1302,166,2026-04-04 19:02:57
云南,滇剧,BV1kb4y1E7HK,滇剧《万年礼乐万年欢》陈亚萍演唱,-,2207,379,167,43,3,2026-04-04 19:03:14
广东,粤剧,BV1RF411v7Hp,大广东请求出战！《原神》x 曾小敏「神女劈观」真.粤剧版,拳分南北，而家国唯一。 我大中华文化，如银河星数，百花争艳。 本身《原神》与「神女劈观」已将文化传承做得绝赞。 但今日，小弟斗胆邀请粤剧女神.曾小敏老师出山，以粤曲戏腔再添一笔，唱与诸位听。  其实，文化又何止南北，更有传统与次世代的碰撞，迸发瑰丽的新火花。 今次《原神》的匠心，还有京剧原唱：云堇（杨扬老师）的演绎，感染着我，才有此一念。 再次感谢曾小敏老师，让小弟终于有机会，为传统粤剧文化献上一点微薄之力。 希望中华文化，无论南北，都可以薪火相传，繁花似锦。  本家：BV1kS4y1T7kK,4815485,488468,442243,159818,16092,2026-04-04 19:03:26
广东,粤剧,BV1954y1h7KV,粤剧《帝女花》片段,粤剧《帝女花》片段,1398074,29859,10740,20479,1893,2026-04-04 19:03:45
广东,粤剧,BV11tMizEETA,任剑辉❤️白雪仙【帝女花·谪仙】妆台秋思,-,929743,121067,2475,34394,572,2026-04-04 19:04:01
广东,粤剧,BV18G411J76Y,传统粤曲《菜鲲追鸡》，ikun必看哦,-,1679870,157967,56443,28381,2792,2026-04-04 19:04:20
广东,粤剧,BV1344y1V7Mt,听说你们想要粤剧纯享版《清明雨上》，这不就安排了！,曾小敏粤剧纯享版《清明雨上 》   演唱：曾小敏 原唱/原作词/原作曲：许嵩 填词：冯敏仪 作曲/编曲：纪粹希、贺鑫、Alxlc 唱腔设计：梁妙翠 和声：黄宇、谭清怡、醉雪 混音：纪粹希、Dr.eeee 音频后期：朱建豪  监制：祝燕彩 MV导演 后期：黄宇 拍摄统筹：陈伊伊、杨佳 图片摄影：薛才焕 化妆造型设计：冯杏 化妆助理：宋嘉红  鸣谢：岭南印象园 青云书院,1155386,85968,43094,20043,1864,2026-04-04 19:04:38
北京,京剧,BV134421U7GC,【4K修复】《春草闯堂》2024版 60帧,好看,55890,1424,567,3166,464,2026-04-04 19:04:53
北京,京剧,BV1C4411x7JX,【京剧】《霸王别姬》【高清版】,,234066,5188,1630,6731,2146,2026-04-04 19:05:08
北京,京剧,BV1EW411M7A6,京剧【穆桂英挂帅】（高清舞台版）李胜素 于魁智 杨赤 袁慧琴 杜喆 潘月娇 戴忠宇 黄炳强等,北宋时，西夏犯境。辞朝隐居的佘太君闻讯，遣曾孙杨文广、曾孙女杨金花去汴京探听。此时宋王校场选帅，少年气盛的文广、金花在校场刀劈兵部尚书王强之子王伦，夺得帅印归来。宋王得知杨门之子遂封穆桂英为帅出征，穆桂英深感朝廷刻薄寡恩，不愿再为它效力。佘太君劝她以抵御西夏侵扰为重。为了国家安危，老年的穆桂英披上旧日的铠甲，满怀豪情又擂响了出征的战鼓....,1209008,25922,11654,43844,17013,2026-04-04 19:05:23
北京,京剧,BV1qs411U752,京剧《大闹天宫》（国家京剧院）,"原来的有音画不同步问题，已换P。 主演演员： 孙悟空——王璐 / 老君——魏积军 / 天王——顾谦 / 李长庚——甄建华 / 玉帝——李晓威 / 监正——吕昆山 监付——张亚宁 / 哪吒——徐滢   经典曲目之一。央视电视剧版《西游记》从服装造型、表演上都借鉴了戏曲，导演杨洁当初选孙悟空演员的时候还坚持一定要从戏曲演员里找。悟空、八戒、观音等演员都是戏曲演员出身。那部剧也是我看过的遍数最多的电视剧了吧。 ",110551,1363,316,2677,2150,2026-04-04 19:05:40
北京,京剧,BV1p44y1s7z1,【原神】国家队申请出战！「京剧老生」再唱《神女劈观》feel大不同！！,【原神】「神女劈观」  演唱：傅希如 原唱：云堇，杨扬 词：豆子 曲：陈致逸 录混：栾鹏祥@清晨录音棚   封面 : 阿光KIKO 视频：孙阳 本家：BV1kS4y1T7kK,3433607,351073,254813,93061,7329,2026-04-04 19:05:58
天津,评剧,BV1Qt41197mT,评剧之《乾坤带》新凤霞音袁淑梅像（并非是儿臣以小犯上）,优酷,383361,4514,1010,7357,290,2026-04-04 19:06:13
天津,评剧,BV1wf4y157qs,评剧《花为媒》张五可用目瞅  新凤霞,-,106478,1215,226,1478,25,2026-04-04 19:06:31
天津,评剧,BV1Bv41137Z5,【评剧】秦香莲·斥夫 相爷与我做了主 各版本合辑,素材均来自网络,16239,233,60,236,22,2026-04-04 19:06:44
天津,评剧,BV1Pt411S7Eq,评剧老电影高清字幕版《秦香莲》（小白玉霜）,转自https://v.youku.com/v_show/id_XMzEwNzMwNTQyNA==.html,80592,499,92,1244,466,2026-04-04 19:06:52
天津,评剧,BV194411q7p1,评剧-杨三姐告状-舞台版-谷文月赵丽蓉王景明花砚茹张少华张彦生,,52168,415,185,710,348,2026-04-04 19:07:07
江苏,昆曲,BV1TY411x7HK,【高清】昆曲《桃花扇·哀江南》石小梅 龚隐雷 等,高清完整版BV1vq4y1z79N,36527,516,130,796,25,2026-04-04 19:07:18
江苏,昆曲,BV1eyQtYMEjV,意境最“美”的一版「千里送京娘」，唱得人柔肠百转,个人认为最美的一版，真心佩服赵大郎的意志力,12572,332,74,420,1,2026-04-04 19:07:26
江苏,昆曲,BV1xP411e74P,【字幕】昆曲电影《十五贯》,-,19766,614,300,1203,211,2026-04-04 19:07:33
江苏,昆曲,BV15W411J7Sm,【单雯】昆曲-牡丹亭.游园（皂罗袍）,https://www.youtube.com/watch?v=DK_27SRDcDs&feature=youtu.be 作品类型: 官方现场 作品语种: 汉语 歌手: 单雯 曲名: 《牡丹亭-游园》 流派: 南昆 简介补充: 【单雯】昆曲-牡丹亭.游园（皂罗袍）,1259135,19032,2683,23078,1368,2026-04-04 19:07:48
江苏,昆曲,BV1oy4y1z7Ug,【昆曲】《南柯梦》全本（超清1080P）单雯、施夏明、赵于涛、徐思佳、蔡晨成等,省昆,151228,4117,1119,11914,3803,2026-04-04 19:08:03
海南,琼剧,BV1kx411y7rY,戏曲：海南琼剧《梁山伯与祝英台》选段 俞秋蕊 黄正更,优酷 第二届呀喏哒嘀琼剧擂台赛,94274,71,11,50,12,2026-04-04 19:08:23
海南,琼剧,BV1ok4y1L7qC,琼剧合集,"转自网络 琼剧合集",80674,415,146,649,16,2026-04-04 19:08:30
海南,琼剧,BV1L44y1j7yp,琼剧全集,"琼剧以粗犷质朴见长，因为采用海南话演唱，腔由字生，音域宽广，既高亢激越，又委婉缠绵，听起来格外舒展悠扬。  琼剧的剧目众多，但遗留下来的视频资料很少！甚是可惜！",73843,562,263,844,39,2026-04-04 19:08:41
海南,琼剧,BV17x411L775,琼剧  寒梅芳心,主演  陈进和  刘秀容  汤玉兰,60916,112,35,143,8,2026-04-04 19:08:52
贵州,黔剧,BV1da4y1W7Wg,黔剧《秦娘美·寻尸辨骨》选段,《秦娘美》又名《珠郎与娘美》。黔剧创作组根据梁绍华、梁跃庭的侗戏本《珠郎娘美》 改编。写侗族姑娘娘美与侗族青年珠郎相爱，其舅父以“姑表亲”的古规逼娶。娘美与珠郎破铜钱盟誓，双双逃到贯洞寨。该寨财主银宜垂涎娘美美色，巧言苦留两人于家，欲达其霸占娘美的目的。他勾结款首蛮松，借款会诬陷珠郎是奸细，将其杀害。娘美得知真情，在众村民的帮助下，计诱银宜，将其击毙，为夫报仇，为民除害。上世纪60年代在京、沪、杭、苏演出，党和国家领导人观看了该剧。梅兰芳、周信芳、欧阳予倩、马少波、盖叫天等著名艺术家撰文赞评。,4088,182,23,94,49,2026-04-04 19:08:59
贵州,黔剧,BV1sr4y1i7WX,【黔剧】《奢香夫人》贵州省黔剧院,网络 -,1976,34,6,47,1,2026-04-04 19:09:11
贵州,黔剧,BV1nS4y1D7y6,【黔剧】《九驿图》贵州省黔剧院,网络 -,1093,18,4,18,0,2026-04-04 19:09:18
贵州,黔剧,BV1bKhmzkEVQ,黔剧《无字丰碑》贵州省黔剧院,-,167,1,0,3,0,2026-04-04 19:09:26
上海,沪剧,BV1R7411R7uh,上海沪剧经典《芦荡火种》《借黄糠》《阿必大》《打花包》《女看灯》《庵堂相会搀桥》《陆雅臣》《卖红菱》《大庵堂》《碧落黄泉》《母子岭》《笑傲人生》《沪剧折子戏选》,网上下载 上海沪剧经典《芦荡火种》《借黄糠》《阿必大》《打花包》《女看灯》《庵堂相会搀桥》《陆雅臣》《卖红菱》《大庵堂》《碧落黄泉》《母子岭》《笑傲人生》《沪剧折子戏选》,114456,862,196,2153,36,2026-04-04 19:09:33
上海,沪剧,BV1p3411Y7JZ,交织弦音 | 《光与夜之恋》陆沉 X 上海沪剧院,上海沪剧院，这座在喧嚣城市与无涯岁月中独自幽静的小楼。 在陆沉生日之际，你与他一同造访此处。 聆听着婉转乐声伴奏的唱段，他亦想拿起大提琴为你拉奏一曲。 巧合的是，大提琴的声音吸引了同样造访沪剧院的演奏家。 当木色与黑色的潺潺琴声交替响起—— 这场难得一见的大提琴演奏会，你是今日唯一的见证者。   场地鸣谢：上海沪剧院 合奏鸣谢：上海音乐学院管弦系大提琴副教授 陈卫平cello,291247,28915,7659,8937,1620,2026-04-04 19:09:49
上海,沪剧,BV1sW411J7Yr,沪剧《大雷雨》诸惠琴 徐伯涛 石筱英 王珊妹,根据吴琛话剧本《寒夜曲》改编。 剧情简介见评论~,65627,157,27,428,3,2026-04-04 19:10:04
上海,沪剧,BV1Ns411Q7NU,【沪剧】雷雨（茅善玉  陈瑜  王明达  朱俭  洪豆豆 等）（茅善玉二度梅作品）,上海沪剧院演出。 沪剧传统剧目。据曹禺同名话剧本改编。 茅善玉因此剧及《瑞珏》获得二度梅花奖。,60311,558,138,1435,248,2026-04-04 19:10:11
上海,沪剧,BV16s411P7dv,上海沪剧《阿必大》上海沪剧团  石筱英 许国华 沈仁伟 吴素秋演唱,网上下载 中国传统戏曲剧种。流行于上海和江浙地区。渊源于上海浦东的民歌东乡调，清末形成上海滩簧，其间受苏州滩簧的影响。后采用文明戏的演出形式，发展成为小型舞台剧“申曲”。1927年以后，申曲开始演出文明戏和时事剧。1941年上海沪剧社成立，申曲正式改称沪剧。主要有长腔长板、三角板、赋子板等。曲调优美，富有江南乡土气息，擅长表现现代生活。优秀剧目有《罗汉钱》、《芦荡火种》、《一个明星的遭遇》等。,39848,265,55,603,75,2026-04-04 19:10:23
重庆,梁山灯戏,BV1VA411F7zj,危）四川川北灯戏（南充等地）、重庆梁平梁山灯戏,某网，感谢剧团及上传者,2851,64,9,75,0,2026-04-04 19:10:31
重庆,梁山灯戏,BV1RCYXzzENL,梁山灯戏-《招女婿》,,1440,2,0,1,0,2026-04-04 19:10:39
重庆,梁山灯戏,BV1v94y1U7c8,梁山灯戏《黄桷树下》,https://wx.vzan.com/live/page/9B3EE1B011E1FBFA907CDA546995ACE9?topicid=1997439384&shauid=N2wGRSs2HSyXkGBZgxJWZw**&vprid=0&sharetstamp=1653306844948&ver=097ce9f0c09540e3a5fd1011d2882397 梁山灯戏《黄桷树下》,641,11,0,6,0,2026-04-04 19:10:47
重庆,梁山灯戏,BV1eCYXzzEX7,梁山灯戏-《卖驴》,,91,1,0,2,0,2026-04-04 19:10:54
广西,桂剧,BV1ss411e79M,桂剧合辑【缓慢更新】,看一部传一部。,17157,312,220,524,39,2026-04-04 19:11:02
广西,桂剧,BV1TW411S7Ry,桂剧   法场祭奠_标清,优酷,2150,21,1,10,0,2026-04-04 19:11:13
广西,桂剧,BV1ob4y1R7TR,登上春晚的戏曲绝活《打棍出箱》1991年春晚,1991年央视春晚 卢浩，1975年从事桂剧表演专业，毕业于中国戏曲学院导演专业。代表作品桂剧《打棍出箱》被誉为“中国戏曲一绝”。,64069,2941,494,1356,119,2026-04-04 19:11:20
广西,桂剧,BV19s411h7fk,刘三姐(傅锦华 桂剧.广西1978)  1P,云盘搬过来的希望大家喜欢 云盘  搬过来的 影片讲述了刘三姐以歌声为武器与封建统治阶级作斗争的故事。刘三姐被财主迫害，到外婆家投亲。财主莫怀仁的管家莫进财强夺猎户李小牛的猎物，刘三姐打抱不平，迫使莫进财把猎物还给李小牛。随后，莫怀仁利诱刘三姐为妾不成，便以讨租、强索田地来威胁刘三姐。刘三姐约财主对歌，财主请来三个酸秀才，刘三姐用山歌战胜了他们。莫怀仁勾结官府，禁唱山歌，阴谋迫害刘三姐，并要拿刘三姐问斩。刘三姐在乡亲们的掩护下，时隐时现，把莫怀仁愚弄得匍匐在迷魂阵中。后来，刘三姐和李小牛告别亲人，,20998,121,29,233,140,2026-04-04 19:11:38
吉林,吉剧,BV1cE411t74n,【吉剧】《桃李梅》里面非常好听的一段,站内就有,62048,890,98,913,79,2026-04-04 19:11:49
吉林,吉剧,BV1iXkcYyE8q,【吉剧像音像】《桃李梅》吉林省戏曲剧院吉剧团演出,《桃李梅》，吉剧经典剧目，讲述了袁家三姐妹与贪官斗智斗勇，最后既惩治了贪官，又成全了各自美满婚姻的故事。,2895,32,2,85,11,2026-04-04 19:12:00
吉林,吉剧,BV1hD4y1m79N,【修复版全本】吉剧《包公赔情》,《包公赔情》,4079,46,16,87,0,2026-04-04 19:12:08
吉林,吉剧,BV1jW411H7cN,【戏曲电影】【吉剧】《桃李梅》（1981）,http://v.youku.com/v_show/id_XMTQ3NzUzODUyMA.html 又一出女扮男装考状元的戏。,72842,551,143,1148,521,2026-04-04 19:12:16
吉林,吉剧,BV1zHknYqEyx,中国音乐地图之听见吉林 吉剧经典唱段,吉剧，是在二人转的基础上发展而成的新剧种，因其诞生于吉林省而得名。它以二人转的主要曲牌为原始基调，伴奏乐器以二人转的板胡、唢呐等为主，并在东北管的基础上创造了善于抒情的吉剧喉管。其表演技巧是在二人转的五功，即唱、扮、舞、说（口说）、绝（手绢儿、扇子等绝活）的基础上，吸取其他剧种长处，逐渐形成。,8153,40,16,38,0,2026-04-04 19:12:31
黑龙江,龙江剧,BV1js411P7Ri,黑龙江龙江剧《双锁山》白淑贤  徐志权,网上下载 黑龙江龙江剧《双锁山》白淑贤  徐志权,2860,35,7,70,2,2026-04-04 19:12:39
黑龙江,龙江剧,BV1Ri4y1t7xY,【龙江剧】高能入坑唱段合集(更新中),封面企图用白淑贤老师的颜值骗人入坑  黑龙江传统地方戏曲之一。1958年，在东北三省协作区会议上，周恩来提出要发展东北地方戏曲后，黑龙江省以二人转、拉场戏的音乐为基础，吸收东北民间音乐，把说唱和歌舞演唱的形式，逐步丰富、发展成戏曲形式，1960年8月正式命名为龙江剧  我慢慢看……慢慢更……,3567,63,8,59,0,2026-04-04 19:12:47
黑龙江,龙江剧,BV1j34y1B7Sh,龙江剧《皇亲国戚》   电影版    主演： 白淑贤、孙春秋、李瑞刚、韩世珍    （1982年）,,1217,8,0,25,0,2026-04-04 19:12:55
黑龙江,龙江剧,BV17p4y197mQ,【龙江剧】《鲜儿》李雪飞 (梅花奖作品),李雪飞：国家一级演员，龙江剧当家花旦和刀马花旦。扮相俊美俏丽，嗓音高亢甜润，文武技艺娴熟，表演细腻传神，唱念做舞俱佳，尤以唱功见长，被誉为“小白淑贤”。  《鲜儿》取材自电视连续剧《闯关东》，以剧中女主人公“鲜儿”为人物原型，由黑龙江省戏剧界高产剧作家费守疆和编剧杨北星联袂以新的角度、新的立意全新演绎，再现了鲜儿坎坷的人生命运、曲折的情感历程和最终走上保家卫国道路的传奇人生。  李雪飞获第二十五届中国戏剧“梅花奖”、在第十四届文华奖评选中《鲜儿》获“优秀剧目奖”,2302,29,3,69,5,2026-04-04 19:13:02
黑龙江,龙江剧,BV1QW411v7C7,【戏曲电影】【龙江剧】花木兰传奇（1994）,http://video.tudou.com/v/XMTk0NTIyNjcxMg==.html?f=42702857 花木兰故事再创作，有一个爱花木兰的女人和一个花木兰爱的男人。曾获95年华表奖和金鸡奖最佳戏曲片，龙江剧电影，第一次找都没发现，挺冷门的。,9032,33,30,88,4,2026-04-04 19:13:10
辽宁,复州皮影戏,BV1RmY1zXE4w,非遗动起来！——基于Kinect骨骼追踪的复州皮影戏智能互动系统,为解决复州皮影戏传承人老龄化、学习门槛高、传播形式单一的困境，本项目构建了一套智能互动系统。技术核心是利用Azure Kinect实时捕捉人体骨骼，通过Unity引擎将动作精准映射至虚拟皮影角色。 	主要创新点在于： 	1.基于骨骼追踪的非等比关节权重映射技术，确保动作自然流畅； 	2.支持AI辅助设计与JSON配置的模块化多剧目系统，实现内容快速扩展。 作品实现了“人体即影杆，动作即表演”的零门槛体验，旨在推动非遗文化焕发新生。,1949,52,8,114,0,2026-04-04 19:13:17
辽宁,复州皮影戏,BV1JdJqzuEAJ,95期 复州皮影戏,（出品：设计学院/拍摄、剪辑：杨开泰 姜雷雨/指导老师：王弘毅 高江龙）,135,5,0,1,0,2026-04-04 19:13:25
辽宁,复州皮影戏,BV1ykujzcEU6,复州皮影戏 带你感受非遗魅力,-,90,3,0,2,0,2026-04-04 19:13:33
辽宁,复州皮影戏,BV1wi4y1K7eX,300年复州皮影戏，与国粹京剧同龄,大连也有自己独特的曲艺文化 其中历史最为悠久的是复州皮影戏 距今已有300余年历史,687,8,2,11,0,2026-04-04 19:13:40
辽宁,复州皮影戏,BV1L94y1K7s9,复州皮影戏班的日常,-,134,5,0,0,0,2026-04-04 19:13:48
辽宁,复州皮影戏,BV1HK421v7QN,复州皮影戏经典曲目“鹤与龟”（上）,-,106,2,0,2,0,2026-04-04 19:13:55
甘肃,陇剧,BV1zd4y197cz,纪录片-甘肃地方戏曲《陇剧》,……,932,11,0,20,0,2026-04-04 19:14:03
甘肃,陇剧,BV1ji4y1g7qs,这就叫：陇剧,陇剧宣传片 是课题的成果报告,1178,64,54,24,4,2026-04-04 19:14:10
甘肃,陇剧,BV1fy4y1P7He,陇剧《枫洛池》,戏曲 如题,1087,15,4,35,0,2026-04-04 19:14:18
甘肃,陇剧,BV1G8411e7Nj,戏曲/陇剧《万家春》,"陇剧  《万家春》是安庆云、易东林联合导演的戏曲片，于1983年上映。讲述陇南山区某生产队妇女主任辛月梅的故事。  电影名:万家春  导 演：安庆云 易东林  编 剧：张方 李迟  主 演：任媛媛 马京园 米新洪 袁冬梅 邹莲蕊  地 区：中国大陆  颜 色：彩色  类 型：戏曲片  制作公司：西安电影制片厂 [中国]",2465,93,1,45,0,2026-04-04 19:14:26
甘肃,陇剧,BV1F44y1r7XM,甘肃陇剧,https://www.xuexi.cn/lgpage/detail/index.html?id=15952820263134480380 陇剧原名陇东道情，是甘肃省独有传统戏曲艺术。起源于汉代的道情说唱，唐宋时期由宫廷走向民间。扎根于陇东的渔鼓道情，逐渐吸收了当地民间音乐营养，增加二股弦等乐器，衍化为皮影唱腔音乐。1958年搬上舞台，1959年正式命名为陇剧。 《状元与乞丐》，移植于同名莆仙戏 若有中国的音乐人朋友听到，希望于你们有助益。 自然不比现场，喜欢的朋友有机会可去看现场支持,1292,16,3,24,2,2026-04-04 19:14:33
山西,晋剧,BV1T2421P7Rp,【逆水寒x晋剧】从你我开始，做传统戏曲传承的星星之火！,3月28日，逆水寒携手允中也邀请您来梨韵阁一同听戏，更有晋剧主题外观免费领取！,1007010,28748,19245,14600,2176,2026-04-04 19:14:41
山西,晋剧,BV1Fg4y1c7Gt,【中国梆子大会】【晋剧】《清风亭·舍子》张军波    以及评委,除了评委的点评，我们也要欣赏一下优秀演员的艺术,121428,6919,1724,1277,980,2026-04-04 19:14:56
山西,晋剧,BV1R3411c77C,新编晋剧《庄周试妻》谢涛 郑芳芳,唱段集锦:BV1bv4y1z7Zk 太原市晋剧艺术研究院 该剧以明代冯梦龙的小说《庄子休鼓盆成大道》为素材创作而成。故事中的庄周，不是历史上的庄周，而是借庄周之名而虚构的故事，讲的是半人半仙的庄周某日怀疑妻子田氏移情别恋楚王孙，便借仙术假装死去，变成楚王孙试探田氏求爱求婚，结果妻子喜欢上了楚王孙，后得知楚王孙为庄子幻化后羞愧自缢。庄子将其火化后鼓盆而歌，然后遨游四方，最后得道成仙。,18248,247,43,447,335,2026-04-04 19:15:15
山西,晋剧,BV1LM411i7kt,【晋剧全本戏】山西省晋剧院一团2022年演出《算粮登殿》高清版本丨栗桂莲丨孙红丽丨梁平旺丨刘方正丨王晋军丨张丽果丨乔俊芳,纪念来b站六年来终于破千粉了哇咔咔，缓慢整理上传中，由于原视频发布者没发全导致偶尔可能会丢个一两秒导致过渡不自然，还是希望大家看戏愉快，这高清视频文件实在太大了，祝俺手机内存能顺利成功吧。,127187,645,201,1092,72,2026-04-04 19:15:26
山西,晋剧,BV11e411G7Ng,晋剧合集,网络,45096,399,101,1040,12,2026-04-04 19:15:37
江西,赣剧,BV1hW411N783,赣剧 青阳腔【窦娥冤】全本   主演：陈俐,"《窦娥冤》原名《感天动地窦娥冤》。是元代戏曲家关汉卿的元杂剧代表作，也是元杂剧悲剧的典范，剧情取材自东汉""东海孝妇""的民间故事。讲述了一位穷书生窦天章为还蔡婆婆借他的银子，不得已将女儿窦娥抵给蔡婆婆做童养媳，没过几年窦娥的夫君早死。适逢蔡婆婆索要赛卢医还钱，却险些被赛卢医害死。幸得张驴儿父子相救。那张驴儿要蔡婆婆将窦娥许配给他，窦娥始终未同意。张驴儿就将毒药下在羊肚汤中要毒死蔡婆婆，结果缺误毒死了其父。张驴儿反咬一口诬告窦娥毒死了其父，昏官桃杌最后做成冤案将窦娥处斩。",17873,186,58,352,32,2026-04-04 19:15:48
江西,赣剧,BV1gs411C7Ey,【赣剧·弋阳腔】《还魂记-妩媚春光》——涂玲慧,http://my.tv.sohu.com/us/63288410/30123129.shtml  赣剧弋阳腔，《还魂记》选段《妩媚春光》。 演唱：涂玲慧,17438,287,45,367,21,2026-04-04 19:15:55
江西,赣剧,BV11s41167VM,【赣剧·弋阳腔】珍贵影像资料 活化石《江边会友》—李福东 郑瑞笙,优酷。 《江边会友》表演者：弋阳腔老艺人李福东、郑瑞笙。本剧和《哑背疯》被誉为赣剧“双绝”。 --赣剧历史上的第一部影像资料，能找到实属难得，目前没有发现更清晰的，就别吐槽画质了。（指望哪天八一厂把这部放出来吧。） --上世纪五十年代，梅兰芳先生看过李福东老先生的《江边会友》，给予了极高的评价，也促成了这段影片的摄制。1958年12月由八一电影制片厂拍摄，李紫贵担任导演，采用舞台纪录片的方式，保持了此戏原貌，被世人誉为“弋阳腔活化石”。,7813,201,45,275,157,2026-04-04 19:16:10
江西,赣剧,BV1os411k7iz,【赣剧老电影】戏曲艺术片《还魂记-游园惊梦》(1960)潘凤霞、童庆礽,"转自企鹅。新增后4P（均有字幕），其中第P3包含了P1的游园惊梦内容（咱不会剪视频，就直接传上来了）。 注明一下： 这是赣剧电影《还魂记》中的《游园惊梦》片段。电影《还魂记》全剧时长约118分钟（长春电影制片厂）。 --编剧：凌鹤    ||    导演：黄粲、王家乙 --主演：潘凤霞（杜丽娘）、童庆礽（柳梦梅）、乐一生（杜老爷）、杨桂仙（杜夫人）、邹莉莉（春香）。 ----P.S.：本篇完整版av5567191，字幕已完工。【←真的会有人看么(；′⌒`)。。。】",16121,276,73,622,127,2026-04-04 19:16:18
江西,赣剧,BV1rJ4m187co,赣剧融入南昌大学课堂,当赣剧融入南昌大学课堂，让我们一起跟随国家非物质文化遗产（赣剧）传承人陈俐老师走进赣剧艺术鉴赏课，共同体会戏曲魅力，了解学校更多有特色的通识课程。 视频摄制：蔡佳骏、欧阳仟、李嘉宁、吴童、夏惠容、贺玉梅 值班编辑：陈紫云 审核：邱晓怡、罗丽、陈小赤,36167,2043,190,223,22,2026-04-04 19:16:29
湖南,湘剧,BV1Db411U72d,湘剧【高腔】《琵琶记》名段欣赏折子选段合集（赏荷、描容上路、打三不孝）,优酷 湘剧琵琶记天下第一，不接受反驳,11292,140,26,199,2,2026-04-04 19:16:43
湖南,湘剧,BV1UW411G7bj,湖南花鼓戏经典回放 《刘海砍樵》 李左 叶红 480p修复清晰KTV版,"腾讯视频 刘海砍樵是湖南花鼓戏的经典名剧之一，讲述了孝子刘海与狐狸精胡秀英之间的爱情故事。这部名剧中展现了勤劳、孝顺等美德和追求忠贞爱情、幸福生活的美好愿望。 剧中“刘海哥，那我将你好有一比……我这里将大姐好有一比……”其名为""比古调"",源自这段词是用古人来比喻. 改编自""安童调""等.为胡秀英与刘海的一段对唱, 活泼欢快，把二人成婚，双双归家的喜悦心情表现得风趣可爱。是湖南花鼓戏最富特色的唱段之一，一直传唱不衰。",333477,4648,711,4346,323,2026-04-04 19:16:51
湖南,湘剧,BV19K4y177DY,【张艺兴×CONVERSE】从湘剧中找寻新灵感：CONVERSE WORKWEAR系列,http://weibointl.api.weibo.com/share/180596518.html?weibo_id=4565062625526764,20366,3220,636,525,40,2026-04-04 19:17:06
湖南,湘剧,BV1WJ4m1b7pd,【花小楼】原创单曲《百花公主》MV，湘剧与流行音乐碰撞融合,虚拟偶像花小楼本次与湖南省湘剧院梦幻联动，摇身变为“百花公主”发布全新单曲《百花公主》，歌曲节选湘剧《百花记》斩巴选段并邀请知名湘剧演员曹威治老师共同创造完成。希望跟花粉们在湘剧与流行音乐碰撞融合中，感受到传统文化的别样魅力。,23002,597,161,443,45,2026-04-04 19:17:20
湖北,汉剧,BV1Mt411r7Fb,汉剧名段欣赏,央视,19734,256,49,417,22,2026-04-04 19:17:35
湖北,汉剧,BV19b411S7fx,汉剧《贵妃醉酒》 表演者：王荔,http://tv.cctv.com/2018/02/20/VIDERCOYMhw1zAoWLZzW2sr2180220.shtml,9600,140,9,124,3,2026-04-04 19:17:42
湖北,汉剧,BV1WQXSBjEzY,“哪有个妻南夫北隔在两厢”常德汉剧《金沙滩.骂寨劝降》邱三英 饰 卢俊义,邱三英，女，1942年生人。著名常德汉剧表演艺术家，工生角，她的唱腔圆润巧妙，表演细腻传神，做手也极其讲究，因此在常德地区有大量的“忠臣”追随，同时邱老师也会许多汉剧冷门戏。其代表作有《金沙滩》《粉妆楼》《审刺客》(全本《六部大审》)《盘貂》《武家坡》《华容挡曹》《坐楼杀惜》《仁贵回窑》《三相图》《男斩子》《太白醉书》等，相当具有个人特色。,2131,187,37,105,1,2026-04-04 19:17:50
湖北,汉剧,BV1Qa411474H,这里承载着你不知道的武汉汉剧｜武汉传媒学院摄影系｜非遗,汉剧，旧称楚调、汉调（楚腔、楚曲），俗称“二黄”，湖北省地方戏剧，汉族传统戏曲剧种之一、国家级非物质文化遗产之一。本记录片拍摄了汉剧的样貌，体现了湖北人民的精神内涵，以及其在戏曲中的艺术造诣，继承人对汉剧的看法、做法、态度等，作为文化的代表，文化的传承势必成为重中之重，所以视线着重于汉剧传承人身上，了解其心路历程，本影片抓住其艺术情感的魂，解读文化传承背后的故事。武汉传媒学院摄影系二班梁俊涛、吕艺童、杨一苏、蔡文涛、吴奥雄制，感谢武汉汉剧院。,5229,145,59,154,6,2026-04-04 19:18:01
湖北,汉剧,BV1bb411g7yE,【Braska】《水上灯》「全程高难度演唱！2分54秒高能戏腔开启！民国汉剧名伶如梦如蛇的一生」（原创概念专辑《伍觉》火元素主题曲）,水上灯（Braska原创概念专辑《伍觉》火元素主题曲）  【文案】 1920年早春，水上灯生于汉口。那时的她，有一个名字叫做：水滴。 十五年后，一出《宇宙锋》，汉剧舞台上，她大放光明。 水上漂来一盏灯，打落一枝玫瑰红。她赢了所恨，却也输了所爱。她爱的人因她而死，她恨的人家毁人亡。 纠结什么？原谅什么？忘却什么？牢记什么？ 最后只有水，在时间之下漾起微波。 “总而言之，我不能跟这个世界合流。” 而永恒的岁月面前，沉默万千灯火。  【Fire & Fight】 我要讲一个有关火焰的故事。 火焰活在灯中，漂在水上，沉眠于时光之下，栖居于灵魂之上。 它挣扎，灼烫，升腾，反抗，燃烧成一生一次独属于己的模样。 我要你从你自己的心中，看穿它狂舞飞扬，听清它毕驳作响。 Fire & Fight， 或明烈，或消亡，却是生命中不可或缺的力量。  Braska原创概念专辑《伍觉》先行单曲，火元素主题曲《水上灯》，全能型创作音乐人Braska携手著名词人Vagary共同创作出这首糅合了流行、国风及戏曲元素的歌曲，歌曲取材自方方长篇小说《水在时间之下》改编京剧《水上灯》，戏腔部分唱词改编自汉剧《宇宙锋》，借对汉剧名伶水滴一生的描写，与专辑中的火元素精神所赞颂的“燃尽生命的执着”相结合，为大家带来了听觉与心灵上的双重震撼。   作曲/编曲：Braska 作词：Vagary 和声：Braska 混音/母带：Braska 录音师：Braska 制作人：Braska 录音棚：D.O.J Studio 插画：修竹 视频：暴风雪瑞瑞 出品：晋昕音乐,3103590,131414,108765,134022,8501,2026-04-04 19:18:09
山东,吕剧,BV1RW411q7pp,吕剧《 小姑贤》,央视网 吕剧《 小姑贤》，山东省吕剧院演出,110985,703,109,944,277,2026-04-04 19:18:24
山东,吕剧,BV1Lq4y1T7L9,山东吕剧《小姑贤》版本大全,婆婆刁氏视自己的儿媳妇李荣花为眼中钉，经常打骂，并逼儿子休妻。刁氏女儿桂姐贤惠能干，从中劝解，成就好事。 视频下载:https://www.fodownloader.com/zh-cn http://www.zanqianba.com https://bilibili.iiilab.com,71986,234,32,384,64,2026-04-04 19:18:40
山东,吕剧,BV1ks411A7Fk,山东吕剧《借年》山东吕剧院演出,网上下载 山东吕剧《借年》山东吕剧院演出,55918,315,45,505,677,2026-04-04 19:18:51
山东,吕剧,BV1RW411q7WX,吕剧《姊妹易嫁》,央视网 吕剧《姊妹易嫁》，山东省吕剧院演出,85021,428,69,682,349,2026-04-04 19:19:02
山东,吕剧,BV1ZY4y1L7Qy,【地方戏曲】山东吕剧剧目大全,吕剧是山东省的地方戏，旧称“化妆扬琴”或“扬琴戏”，国家级非物质文化遗产，中国八大戏曲剧种之一，是山东的地方剧种，流行于山东大部和江苏、安徽、东北三省的部分地区。吕剧起源于鲁北黄河三角洲，由山东琴书演变而来。其音乐属于板腔体，兼唱曲牌，主要伴奏乐器是坠琴（主弦）、扬琴、三弦、琵琶，称“吕剧四大件”。,120100,607,197,1427,96,2026-04-04 19:19:13
